ticker,name,country,sector,price,currency,high_52w,discount_52w,market_cap_mln,volume_k,eps_ttm,sales_ttm_mln,quick_ratio,roic,debt_equity,gross_margin,eps_q0,eps_q1,eps_q4,eps_qoq,eps_yoy,scanned_at,market,smi,smi_ema,zone,signal,divergence_bull,divergence_desc,vol_confirm,rs_12m,wyckoff_score,wyckoff_phase,wyckoff_dist,wyckoff_dsig,d1_signal_now,d1_zone_now,d1_last_cross_days_ago,early_signal,tech_score,fuzzy_score,fuzzy_rescue,m_zone,m_bullish,m_risk_warning,mtf_score
NYT,New York Times Company (The),United States,Communication Services,66.22,USD,87.1,24.0,10681.0,2460.3,2.4,2824.9,1.54,0.1656,0.018,0.5081,0.57,0.54,0.5,5.6,14.0,2026-10-08T14:09:36.354954,USA,-44.44,-45.87,OVERSOLD,Strong BUY,False,,False,,4,C,False,['SOW: vol spadkowy 1.6x > wzrostowy'],False,Bullish,2,False,12,73.5,True,Bearish,False,True,3
DAKT,"Daktronics, Inc.",United States,Technology,17.78,USD,28.27,37.1,855.1,553.6,0.98,838.7,1.74,0.1939,0.047,0.273,0.4,0.17,0.33,135.3,21.2,2026-10-08T14:09:30.995309,USA,-75.61,-78.12,OVERSOLD,Strong BUY,False,,False,,0,–,False,[],False,OVERBOUGHT,5,False,12,74.9,True,OVERSOLD,False,True,2
LRN,"Stride, Inc.",United States,Consumer Defensive,80.21,USD,155.06,48.3,3333.5,836.0,7.14,2518.1,5.81,0.2484,0.334,0.3775,1.75,1.93,1.03,-9.3,69.9,2026-10-08T14:09:25.897197,USA,-57.83,-58.47,OVERSOLD,Strong BUY,False,,False,,2,A,False,[],False,OVERBOUGHT,4,False,11,86.9,False,Bearish,True,False,3
ERIC,Ericsson,Sweden,Technology,9.51,USD,13.77,31.0,30932.6,10970.0,0.79,236681.0,1.08,0.1832,0.368,0.476,1.22,0.27,1.37,351.9,-10.9,2026-10-08T14:09:51.359847,USA,-39.84,-40.23,Bearish,Strong BUY,False,,False,,0,–,False,['UT High=11.99 Close=11.18 (vol 2.2x)'],False,Bullish,1,False,10,74.4,False,OVERSOLD,False,True,3
AMSF,"AMERISAFE, Inc.",United States,Financial Services,24.26,USD,42.22,42.5,449.7,432.2,2.48,317.3,,,0.0,,0.78,0.43,0.73,81.4,6.8,2026-10-08T14:09:35.972392,USA,-87.58,-89.2,OVERSOLD,Strong BUY,False,,False,,1,A,False,['SOW: vol spadkowy 1.3x > wzrostowy'],False,Bearish,1,False,9,95.8,False,OVERSOLD,False,True,2
PRG,"PROG Holdings, Inc.",United States,Industrials,30.65,USD,47.73,35.8,1220.8,579.6,3.12,2409.2,4.26,0.2473,0.807,,,,,,,2026-10-08T14:09:51.884972,USA,-84.55,-79.9,OVERSOLD,Turning Up,False,,False,,5,D,False,[],False,OVERSOLD,5,False,9,83.6,False,Bearish,False,True,2
BXMT,"Blackstone Mortgage Trust, Inc.",United States,Real Estate,11.22,USD,20.67,45.7,1890.2,2453.6,0.08,,,,,,,,,,,2026-10-08T14:09:52.668524,USA,-89.72,-89.63,OVERSOLD,Turning Up,False,,True,,1,A,False,[],False,OVERSOLD,2,False,6,100.0,False,OVERSOLD,False,True,3
RSI,"Rush Street Interactive, Inc.",United States,Consumer Cyclical,20.39,USD,34.53,40.9,2357.6,2904.5,0.3,1134.4,1.93,0.3903,0.042,0.3462,0.1,0.08,0.12,25.0,-16.7,2026-10-08T14:09:27.903315,USA,-81.04,-78.2,OVERSOLD,Turning Up,False,,False,,2,A,True,"['UT High=30.96 Close=29.09 (vol 2.6x)', 'SOW: vol spadkowy 1.7x > wzrostowy']",False,Bearish,1,False,5,87.9,False,Bearish,False,True,1
LFTO,"Liftoff Mobile, Inc.",United States,Communication Services,15.8,USD,30.1,47.5,2674.6,802.4,0.25,685.7,1.07,0.13,,0.8515,-0.03,0.34,,-108.8,,2026-10-08T14:09:34.638656,USA,-90.83,-88.03,OVERSOLD,Turning Up,False,,False,,0,–,False,[],True,Bearish,0,False,5,70.7,True,--,False,False,1
